Workbook

Sheet LISTRIK 2026
A1: DATA LISTRIK TENANT PENTACITY
A4: UPDATE 28 APRIL 2026
A5: NO. | B5: NAMA TENANT | C5: LANTAI UNIT | E5: DAYA LISTRIK | F5: JENIS KWH | G5: TYPE KWH | H5: NO KWH | I5: 46020 | J5: 46051 | K5: 46079 | L5: 46111 | M5: 46140 | N5: ON/OFF | O5: KETERANGAN | P5: TTD & STEMPEL
N6: STAND AWAL - STAND AKHIR
A7: 1 | B7: HYPERMART PUTR (DOUBLE TARIF) (TOTAL) | C7: LG | D7: ANCHOR E | E7: 3 FASE 400 A | F7: SCHNEIDER | H7: 1015163133 | I7: 9292354.6 | J7: 9355186.6 | K7: 9412683.8 | L7: 9478742.6 | M7: 9539749.7
B8: HYPERMART PUTR TARIF 1 (LWBP) | I8: 7007089.3 | J8: 7055092.7 | K8: 7099052.2 | L8: 7149405.3 | M8: 7196164.9
B9: HYPERMART PUTR TARIF 2 (WBP) | I9: 2284536.4 | J9: 2299364.6 | K9: 2312902.3 | L9: 2328606.6 | M9: 2342854
B10: HYPERMART GENSET PUTR | F10: SOCOMEC | G10: E43 | H10: 17282010063 | I10: 3324 | J10: 3382 | K10: 3382 | L10: 3383 | M10: 4010
B11: HYPERMART AHU (AC) (DOUBLE TARIF) (TOTAL) | E11: 3 FASE 600 A | F11: SCHNEIDER | H11: 1915184007 | I11: 1897056.3 | J11: 1920016.6 | K11: 1935461.8 | L11: 1953692.4 | M11: 1975834.6
B12: HYPERMART AHU (AC) TARIF 1 (LWBP) | I12: 1158893.6 | J12: 1173833.3 | K12: 1183802.2 | L12: 1195761 | M12: 1210089.2
B13: HYPERMART AHU (AC) TARIF 2 (WBP) | I13: 738161.6 | J13: 746182.3 | K13: 751658.8 | L13: 757929.9 | M13: 765744.1
B14: HYPERMART GENSET AHU (AC) | F14: SOCOMEC | G14: E40 | H14: 18072010604 | I14: 671 | J14: 671 | K14: 672 | L14: 672 | M14: 672
B15: LOGO WALLSIGN HYPERMART (DOUBLE TARIF) (TOTAL) | E15: 1 FASE 10 A | F15: SOCOMEC | G15: E10 | H15: 13132010735 | I15: 3975.5 | J15: 4018.8 | K15: 4059.6 | L15: 4105.7 | M15: 4146.4
B16: LOGO WALLSIGN HYPERMART TARIF 1 (LWBP) | G16: E10 | I16: 1136.8 | J16: 1136.9 | K16: 1136.9 | L16: 1136.9 | M16: 1136.9
B17: LOGO WALLSIGN HYPERMART TARIF 2 (WBP) | G17: E10 | I17: 2838.7 | J17: 2882 | K17: 2922.7 | L17: 2968.9 | M17: 3009.6
B18: LOGO GENSET WALLSIGN HYPERMART | G18: E10 | H18: 15342010953 | I18: 37.7 | J18: 37 | K18: 37 | L18: 37 | M18: 37.5
A19: 2 | B19: NEW MINISO | C19: LG | D19: 01 - 03B | E19: 3 FASE 50 A | F19: SOCOMEC | G19: E30 | H19: 13262012698 | I19: 286318 | J19: 294189 | K19: 302448 | L19: 312443 | M19: 321442
A20: 3 | B20: IMPERIAL KITCHEN | C20: LG | D20: 6 | E20: 3 FASE 80 A | F20: SOCOMEC | G20: E20 | H20: 17202012200 | I20: 303787 | J20: 311721 | K20: 318447 | L20: 326256 | M20: 332897
A21: 4 | B21: BAKOEL BAMBOE | C21: LG | D21: 06 A | E21: 3 FASE 40 A | F21: SOCOMEC | G21: E20 | I21: 60586 | J21: 65115 | K21: 69215 | L21: 74083 | M21: 78255
B22: GUDANG BAKOEL BAMBOE | C22: P3 | D22: PARKIRAN | E22: 3 FASE 40 A | F22: SOCOMEC | G22: E20 | I22: 65326.9 | J22: 69455.6 | K22: 73421.2 | L22: 78825.2 | M22: 83352.6
A23: 5 | B23: YOSHINOYA | C23: LG | D23: 27 | E23: 3 FASE 100 A | F23: SOCOMEC | G23: E40 | H23: 14402010813 | I23: 7684.9 | J23: 15470.8 | K23: 23198.4 | L23: 31840.8 | M23: 39189.1
A24: 6 | B24: GURIH NUSANTARA | C24: LG | D24: 24 | E24: 3 FASE 20 A | F24: SOCOMEC | G24: E20 | I24: 61319 | J24: 63107 | K24: 64783 | L24: 66755 | M24: 68580
A25: 7 | B25: BONCAFE | C25: LG | D25: 23, 23A - 25 | E25: 3 FASE 20 A | F25: SOCOMEC | G25: E20 | H25: 0722206098 | I25: 211392.9 | J25: 219890.5 | K25: 227668.4 | L25: 236792.7 | M25: 236792.7
B26: BONCAFE | C26: LG | D26: 23, 23A - 25 | E26: 3 FASE 20 A | F26: SCHNEIDER | L26: 0.6 | M26: 2580.7 | N26: ON 18 APRIL 2026 STAND AWAL 0.6 KWH
A27: 8 | B27: LUCA | C27: LG | D27: ISLAND | F27: SCHNEIDER | H27: 214152054 | I27: 36197 | J27: 37124.1 | K27: 37885.3 | L27: 38811 | M27: 39659.9
B28: JUSCRACK | I28: 172938 | J28: 173210 | K28: 173452 | L28: 173673 | M28: 174030
A29: 9 | B29: DCREPES | C29: LG | I29: 133674 | J29: 134831 | K29: 135850 | L29: 137072 | M29: 138151
B30: GUDANG D'CREPES | I30: 4108.7 | J30: 4725.1 | K30: 5278.7 | L30: 5931.3 | M30: 6494.1
A31: 10 | B31: TAWAN | C31: LG | D31: 07 | E31: 3 FASE 50 A | F31: SOCOMEC | G31: E30 | H31: 13262012720 | I31: 327327 | J31: 330908 | K31: 334006 | L31: 337898 | M31: 341081
B32: GUDANG TAWAN | C32: P4 | E32: 1 FASE 16 A | F32: SOCOMEC | G32: AM10 | H32: IEC 62053-21 | I32: 14570.5 | J32: 15225.1 | K32: 15819.9 | L32: 16495.7 | M32: 17095.3
A33: 11 | B33: PEPPER LUNCH | C33: LG | D33: 08 | E33: 3 FASE 6 A | F33: SCHNEIDER | H33: 1025084099 | I33: 18810.7 | J33: 26413.9 | K33: 32788 | L33: 40797.1 | M33: 47527.5
B34: GUDANG PEPPER LUNCH | C34: P1 | D34: GUDANG NO. 1 | E34: 1 FASE 16 A | F34: SOCOMEC | G34: AM10 | H34: 11123311334 | I34: 39684.9 | J34: 40603.4 | K34: 41419.6 | L34: 42358.6 | M34: 43186.7
A35: 12 | B35: RAMEN 01 | C35: LG | D35: 9 | E35: 3 FASE 32 A | F35: SOCOMEC | G35: E20 | I35: 142861 | J35: 145485 | K35: 147898 | L35: 150632 | M35: 153068
A36: 13 | B36: ICHIBAN SUSHI | C36: LG | D36: 10 | E36: 3 FASE 32 A | F36: SOCOMEC | G36: E20 | H36: 17272011265 | I36: 217202 | J36: 220171 | K36: 222854 | L36: 226041 | M36: 228995
A37: 14 | B37: ROYAL K BBQ | C37: LG | D37: 11 | E37: 3 FASE 25 A | F37: SCHNEIDER | H37: 0214496105 | I37: 81533 | J37: 82885.3 | K37: 84078.3 | L37: 85428.1 | M37: 86702.3
A38: 15 | B38: SOLARIA | C38: LG | D38: 12 - 12 A | E38: 3 FASE 40 A | F38: SOCOMEC | G38: E21 | H38: 13152011170 | I38: 348190 | J38: 353678 | K38: 358685 | L38: 364723 | M38: 369967
A39: 16 | B39: DAPUR SOLO | C39: LG | D39: 13 | E39: 3 FASE 32 A | F39: SCHNEIDER | H39: 0219076016 | I39: 94969.9 | J39: 98370.8 | K39: 101394.3 | L39: 104702.3 | M39: 107570.5
B40: GUDANG DAPUR SOLO | I40: 171727 | J40: 172815 | K40: 173716 | L40: 175040 | M40: 176022
A41: 17 | B41: BABAKU | C41: LG | D41: 16 | E41: 3 FASE 20 A | F41: SOCOMEC | G41: E20 | I41: 64404 | J41: 65815 | K41: 67054 | L41: 68487 | M41: 69733
A42: 18 | B42: KFC | C42: LG | D42: 17 - 19 | E42: 3 FASE 100 A | F42: SCHNEIDER | H42: 717441052 | I42: 428969.1 | J42: 431216 | K42: 433148.4 | L42: 435190.1 | M42: 437211.4
B43: KFC LOGO (WALLSIGN) | C43: P5 | D43: P5 | E43: 1 FASE 10 A | F43: SOCOMEC | G43: AM10 | H43: 11183313009 | I43: 1496.8 | J43: 1508.3 | K43: 1519 | L43: 1531.1 | M43: 1542.1
A44: 19 | B44: MR. DIY | C44: LG | D44: 20 | E44: 3 FASE 60 | F44: SOCOMEC | G44: E20 | H44: 17272011868 | I44: 167213 | J44: 170110 | K44: 172675 | L44: 175630 | M44: 178089
B45: MR. DIY LOGO (WALLSIGN) | C45: P5 | D45: P5 | E45: 1 FASE 10 A | F45: SOCOMEC | G45: AM10 | H45: IEC 62053-21 | I45: 2200.1 | J45: 2219 | K45: 2237.7 | L45: 2258 | M45: 2276.4
A46: 20 | B46: TOYS KINGDOM | C46: LG | D46: 21 | E46: 3 FASE 60 | F46: SOCOMEC | G46: E20 | I46: 207234 | J46: 212820 | K46: 217744 | L46: 223308 | M46: 228495
B47: TOYS KINGDOM (WALLSIGN) | C47: P5 | D47: P5 | E47: 1 FASE 10 A | F47: SOCOMEC | G47: AM10 | I47: 605.8 | J47: 617.1 | K47: 627.3 | L47: 638.7 | M47: 648.8
A48: 21 | B48: POMPA TRANSFER UNTUK APARTEMEN (ROOFTOP) | C48: LG | D48: RUANG POMPA | E48: 3 FASE 50 A | F48: SOCOMEC | G48: E33 | H48: 13362010868 | I48: 296420 | J48: 302235 | K48: 307557 | L48: 313169 | M48: 316201
A49: 22 | B49: BSB PANTAI | E49: 3 FASE 32 A | F49: SOCOMEC | G49: E20 | I49: 217681 | J49: 222430 | K49: 226481 | L49: 231045 | M49: 234541
B50: GUDANG BSB PANTAI | C50: GF | E50: 3 FASE 25 A | F50: SOCOMEC | G50: E20 | I50: 66407 | J50: 68033 | K50: 69352 | L50: 71151 | M50: 72576
A51: 23 | B51: ATM BANK BSI | C51: LG | D51: SKYBRIDGE (UNIT # 9) | E51: 1 FASE 10 A | F51: SOCOMEC | G51: E00 | H51: 18102010099 | I51: 17125.6 | J51: 17256.7 | K51: 17389.6 | L51: 17540.7 | M51: 17676
B52: ATM BANK BRI | D52: SKYBRIDGE (UNIT # 9) | E52: 1 FASE 10 A | F52: SOCOMEC | G52: E00 | I52: 9770.6 | J52: 9909.9 | K52: 10035.9 | L52: 10179.6 | M52: 10318.2
B53: ATM BANK BPD-KALTIMTARA | D53: SKYBRIDGE (UNIT # 16) | E53: 1 FASE 10 A | F53: SOCOMEC | G53: E00 | H53: 18102010106 | I53: 10369.1 | J53: 10443 | K53: 10509.1 | L53: 10585 | M53: 10653.1
B54: ATM BANK MANDIRI | D54: SKYBRIDGE (UNIT # 21) | E54: 1 FASE 10 A | F54: SOCOMEC | G54: E00 | H54: 18102010111 | I54: 19385.1 | J54: 19583.6 | K54: 19783.2 | L54: 19999.1 | M54: 20186.7
A55: 24 | B55: STARBUCKS COFFEE | C55: GF | D55: 01 - 02 | E55: 3 FASE 100 A | F55: SCHNEIDER | H55: 715105171 | I55: 102906.5 | J55: 106831.4 | K55: 110197.6 | L55: 113977.1 | M55: 117528.4
B56: STARBUCKS COFFEE LOGO (WALLSIGN) | E56: 1 FASE 16 A | F56: SOCOMEC | G56: E10 | H56: 15472011072 | I56: 3485.9 | J56: 3494.2 | K56: 3501.7 | L56: 3510.3 | M56: 3518
A57: 25 | B57: FRANK & CO | C57: GF | D57: 03 | E57: 3 FASE 32 A | F57: SOCOMEC | G57: E30 | H57: 13262012741 | I57: 159910 | J57: 161967 | K57: 163828 | L57: 165860 | M57: 167714
B58: FRANK & CO LOGO (WALLSIGN) | D58: P3 | E58: 1 FASE 16 A | F58: SOCOMEC | G58: AM10 | H58: 11183312188 | I58: 3726.8 | J58: 3726.8 | K58: 3726.9 | L58: 3726.8 | M58: 3726.8
A59: 26 | B59: STACCATO | C59: GF | D59: 03 A | E59: 3 FASE 25 A | F59: SCHNEIDER | H59: 215141052 | I59: 110114 | J59: 111031.6 | K59: 111309.4 | L59: 113124.4 | M59: 114853.6
A60: 27 | B60: ALDO | C60: GF | D60: 05 | E60: 3 FASE 25 A | F60: SOCOMEC | G60: E20 | H60: 13152011173 | I60: 174124 | J60: 175177 | K60: 175345 | L60: 177193 | M60: 178954
A61: 28 | B61: BLEND WINE & CO (AC) | C61: GF | D61: 06 | E61: 3 FASE 75 A | F61: SCHNEIDER | H61: 1015463046 | I61: 7103.3 | J61: 13924.4 | K61: 17251.8 | L61: 21538.9 | M61: 25298.4
B62: BLEND WINE & CO | E62: 3 FASE 60 A | F62: SOCOMEC | G62: E21 | H62: 13152011177 | I62: 290755 | J62: 290811 | K62: 290858 | L62: 290912 | M62: 290957
A63: 29 | B63: CHARLES & KEITH | C63: GF | D63: 07 - 09 | E63: 3 FASE 25 A | F63: SOCOMEC | G63: E30 | H63: 13262012708 | I63: 142371 | J63: 144803 | K63: 147038 | L63: 149585 | M63: 151863
A64: 30 | B64: UNIQLO | C64: GF | D64: ANCHOR A | E64: 3 FASE 200 A | F64: SOCOMEC | G64: E41 | H64: 18342010865 | I64: 745036 | J64: 764148 | K64: 781334 | L64: 801293 | M64: 818806
B65: LOGO WALL SIGN UNIQLO | C65: GF | D65: LOBBY PANTAI BSB | E65: 1 FASE 10 A | F65: SOCOMEC | G65: AM10 | I65: 3180 | J65: 3261 | K65: 3334.1 | L65: 3417 | M65: 3443.1
A66: 31 | B66: PEDRO | C66: GF | D66: 10 - 11 | E66: 3 FASE 25 A | F66: SOCOMEC | G66: E30 | H66: 13262012738 | I66: 273426 | J66: 275701 | K66: 277811 | L66: 280188 | M66: 282281
A67: 32 | B67: SOCIOLLA | C67: GF | D67: 12 - 12A | E67: 3 FASE 25 A | F67: SOCOMEC | G67: E20 | I67: 74453 | J67: 76265 | K67: 77890 | L67: 79728 | M67: 81364
A68: 33 | B68: VICTORIA SECRET | C68: GF | D68: 12 B - 17 | E68: 3 FASE 60 A | F68: SCHNEIDER | H68: 724106165 | I68: 16403 | J68: 17428.1 | K68: 18326.8 | L68: 19347 | M68: 20255.9
A69: 34 | B69: BATH & BODYWORKS (BBW) | C69: GF | D69: 12 B - 18 | E69: 3 FASE 60 A | F69: SCHNEIDER | H69: 724106142 | I69: 28619.5 | J69: 30372.5 | K69: 32012.4 | L69: 33890.3 | M69: 35572.4
A70: 35 | B70: FLYING TIGER | C70: GF | D70: 21 | E70: 3 FASE 16 A | F70: SCHNEIDER | H70: 224025181 | I70: 8364.4 | J70: 10185.2 | K70: 11851.9 | L70: 13739.4 | M70: 15437.4
A71: 36 | B71: COL'S FROYO | C71: GF | D71: 20 | E71: 3 FASE 16 A | F71: SOCOMEC | G71: E20 | I71: 67188 | J71: 68257 | K71: 69199 | L71: 70405 | M71: 71719
A72: 37 | B72: SHEM SUSHI | C72: GF | D72: 18 | E72: 3 FASE 16 A | F72: SOCOMEC | G72: E20 | I72: 97333 | J72: 100098 | K72: 102754 | L72: 105769 | M72: 108202
A73: 38 | B73: H & M (DOUBLE TARIF) (TOTAL) | C73: GF | D73: 22 - 29 | E73: 3 FASE 250 A | F73: SCHNEIDER | H73: 1015422130 | I73: 2878597.8 | J73: 2902418.5 | K73: 2918052 | L73: 2931268.3 | M73: 2943312.2
B74: H & M TARIF 1 (LWBP) | I74: 1938913.1 | J74: 1955966.1 | K74: 1967736.5 | L74: 1976736.6 | M74: 1985083.1
B75: H & M TARIF 2 (LWBP) | I75: 939683.4 | J75: 946451.1 | K75: 950314.2 | L75: 954530.5 | M75: 958227.4
B76: H & M GENSET | H76: 715103052 | I76: 445.9 | J76: 446.7 | K76: 446.7 | L76: 446.7 | M76: 448.2
B77: LOGO WALLSIGN H & M (DOUBLE TARIF) (TOTAL) | E77: 1 FASE 16 A | F77: SOCOMEC | G77: E10 | H77: 1313201073 | I77: 2444.7 | J77: 2499.3 | K77: 2560 | L77: 2601.9 | M77: 2660.9
B78: LOGO WALLSIGN H & M TARIF 1 (LWBP) | G78: E10 | I78: 734.8 | J78: 777.1 | K78: 824 | L78: 856.5 | M78: 901.9
B79: LOGO WALLSIGN H & M TARIF 2 (WBP) | G79: E10 | I79: 1709.9 | J79: 1722.2 | K79: 1736 | L79: 1745.4 | M79: 1759
B80: GENSET LOGO WALLSIGN H & M | G80: E10 | H80: 15342010945 | I80: 50.7 | J80: 50.8 | K80: 50.8 | L80: 50.8 | M80: 51.6
B81: LOGO WALLSIGN H & M | D81: LOBBY PANTAI BSB | E81: 1 FASE 10 A | F81: SOCOMEC | G81: E00 | I81: 1710.1 | J81: 1779.8 | K81: 1843.2 | L81: 1915.7 | M81: 1979.5
A82: 39 | B82: MLB | C82: GF | D82: 30 | I82: 11248.4 | J82: 11934.6 | K82: 12564.4 | L82: 13289.5 | M82: 13957.3
A83: 40 | B83: SHEM RAMEN | C83: GF | D83: 31 | E83: 3 FASE 16 A | F83: SOCOMEC | G83: E20 | I83: 98697 | J83: 101029 | K83: 103011 | L83: 105401 | M83: 107496
A84: 41 | B84: WARUNG KOFFIE BATAVIA | C84: GF | D84: 32 - 33 | E84: 3 FASE 60 A | F84: SOCOMEC | G84: E30 | H84: 13262012772 | I84: 382612 | J84: 386426 | K84: 389780 | L84: 393487 | M84: 396768
A85: 42 | B85: FORE COFFEE | C85: GF | D85: 36 | E85: 3 FASE 40 A | F85: SCHNEIDER | H85: 0215145056 | I85: 142195.4 | J85: 144759.2 | K85: 147016.3 | L85: 149609.2 | M85: 151986.6
B86: GUDANG FORE | C86: P3 | D86: PARKIRAN | E86: 1 FASE 16 A | F86: SOCOMEC | G86: E00 | H86: 48503058 | I86: 1823.8 | J86: 1992.4 | K86: 2141.5 | L86: 23140 | M86: 2468.3
A87: 43 | B87: PANDORA | C87: GF | D87: 41 | E87: 3 FASE 16 A | F87: SCHNEIDER | H87: IEM 3110 0224026240 | I87: 2966.3 | J87: 4102.2 | K87: 5131.6 | L87: 5308 | M87: 7387.7
A88: 44 | B88: SEPHORA | C88: GF | D88: 37 - 40 | I88: 15189.4 | J88: 24101.6 | K88: 32081.9 | L88: 41403.1 | M88: 49740.5
B89: SEPHORA WALL SIGN | C89: GF | D89: BEACH GATE | J89: 3707.4 | K89: 3758.1 | L89: 3816.2 | M89: 3867.4
A90: 45 | B90: L'OCCITANE | C90: GF | D90: 33 A - 35 | I90: 1477 | J90: 2393.3 | K90: 3122.5 | L90: 3973.8 | M90: 4748.9
A91: 46 | B91: GARMIN | C91: GF | D91: 42A | E91: 3 FASE 25 A | F91: SOCOMEC | G91: E20 | I91: 34694 | J91: 35517 | K91: 36248 | L91: 37049 | M91: 37778
A92: 47 | B92: HAVAIANAS | C92: GF | D92: 42B | E92: 3 FASE 10 A | F92: SOCOMEC | G92: E20 | I92: 39730 | J92: 40577 | K92: 41344 | L92: 42202 | M92: 42974
A93: 48 | B93: CAR WASH | I93: 34298 | J93: 35487 | K93: 36478 | L93: 37743 | M93: 38597
A94: 49 | B94: SHOWROOM CARWASH | D94: PARKIRAN BELAKANG LOADING HYPERMART | E94: 3 FASE 40 A | F94: SOCOMEC | G94: E20 | H94: 13482010639 | I94: 165870 | J94: 167158 | K94: 168152 | L94: 169415 | M94: 170559
A95: 50 | B95: PENTACITY HOTEL BALIKPAPAN | C95: GF | D95: AREA LOBBY UTAMA | E95: 3 FASE 16 A | F95: SOCOMEC | G95: E20 | H95: 17312010468 | I95: 88193 | J95: 90167 | K95: 92402 | L95: 95914 | M95: 96590
B96: LOGO HOTEL PENTACITY & ASTARA | E96: 3 FASE 32 A | F96: SOCOMEC | G96: E20 | I96: 6632 | J96: 6822 | K96: 6994 | L96: 7201 | M96: 7365
B97: TAMAN POHON PALM HOTEL PENTACITY | E97: 1 FASE 16 A | F97: SOCOMEC | G97: E00 | H97: 13172010268 | I97: 495.5 | J97: 514.6 | K97: 519.9 | L97: 545.1 | M97: 567.1
A98: 51 | B98: VANS | C98: UG | D98: 01 | E98: 3 FASE 16 A | F98: SOCOMEC | G98: E30 | I98: 90029 | J98: 91220 | K98: 92386 | L98: 93716 | M98: 94901
A99: 52 | B99: SAMSONITE | C99: UG | D99: 03 A - 05 | E99: 3 FASE 16 A | F99: SOCOMEC | G99: E21 | H99: 13152011224 | I99: 128281 | J99: 129054 | K99: 129751 | L99: 130545 | M99: 131267
A100: 53 | B100: ROOKIE | C100: UG | D100: ISLAND A | E100: 3 FASE 10 A | F100: SCHNEIDER | G100: E20 | I100: 29962 | J100: 31135 | K100: 32171 | L100: 33336 | M100: 34394
A101: 54 | B101: SMIGGLE | C101: UG | D101: ISLAND A | E101: 3 FASE 10 A | F101: SCHNEIDER | G101: E20 | I101: 16424 | J101: 17014 | K101: 17547 | L101: 18145 | M101: 18687
A102: 55 | B102: VIVA COSMETIC | C102: UG | D102: ISLAND A | I102: 2766.5 | J102: 2964.6 | K102: 3152 | L102: 3360.8 | M102: 3545.9
...

Sheet REKAP LISTRIK 2026
A1: REKAP DATA LISTRIK TENANT PENTACITY
A4: ='LISTRIK 2026'!A4 -> UPDATE 28 APRIL 2026
A5: NO. | B5: NAMA TENANT | C5: LANTAI UNIT | E5: DAYA LISTRIK | F5: JENIS KWH | G5: TYPE KWH | H5: NO KWH | I5: 46051 | J5: 46079 | K5: 46111 | L5: 46140 | M5: KETERANGAN
A7: 1 | B7: HYPERMART PUTR (DOUBLE TARIF) (TOTAL) | C7: LG | D7: ANCHOR E | E7: 3 FASE 400 A | F7: SCHNEIDER | H7: 1015163133 | I7: ='LISTRIK 2026'!J7-'LISTRIK 2026'!I7 -> 62832 | J7: ='LISTRIK 2026'!K7-'LISTRIK 2026'!J7 -> 57497.2 | K7: ='LISTRIK 2026'!L7-'LISTRIK 2026'!K7 -> 66058.8 | L7: ='LISTRIK 2026'!M7-'LISTRIK 2026'!L7 -> 61007.1
B8: HYPERMART PUTR TARIF 1 (LWBP) | I8: ='LISTRIK 2026'!J8-'LISTRIK 2026'!I8 -> 48003.4 | J8: ='LISTRIK 2026'!K8-'LISTRIK 2026'!J8 -> 43959.5 | K8: ='LISTRIK 2026'!L8-'LISTRIK 2026'!K8 -> 50353.1 | L8: ='LISTRIK 2026'!M8-'LISTRIK 2026'!L8 -> 46759.6
B9: HYPERMART PUTR TARIF 2 (WBP) | I9: ='LISTRIK 2026'!J9-'LISTRIK 2026'!I9 -> 14828.2 | J9: ='LISTRIK 2026'!K9-'LISTRIK 2026'!J9 -> 13537.7 | K9: ='LISTRIK 2026'!L9-'LISTRIK 2026'!K9 -> 15704.3 | L9: ='LISTRIK 2026'!M9-'LISTRIK 2026'!L9 -> 14247.4
B10: HYPERMART GENSET PUTR | F10: SOCOMEC | G10: E43 | H10: 17282010063 | I10: ='LISTRIK 2026'!J10-'LISTRIK 2026'!I10 -> 58 | J10: ='LISTRIK 2026'!K10-'LISTRIK 2026'!J10 -> 0 | K10: ='LISTRIK 2026'!L10-'LISTRIK 2026'!K10 -> 1 | L10: ='LISTRIK 2026'!M10-'LISTRIK 2026'!L10 -> 627
B11: HYPERMART AHU (AC) (DOUBLE TARIF) (TOTAL) | E11: 3 FASE 600 A | F11: SCHNEIDER | H11: 1915184007 | I11: ='LISTRIK 2026'!J11-'LISTRIK 2026'!I11 -> 22960.3 | J11: ='LISTRIK 2026'!K11-'LISTRIK 2026'!J11 -> 15445.2 | K11: ='LISTRIK 2026'!L11-'LISTRIK 2026'!K11 -> 18230.6 | L11: ='LISTRIK 2026'!M11-'LISTRIK 2026'!L11 -> 22142.2
B12: HYPERMART AHU (AC) TARIF 1 (LWBP) | I12: ='LISTRIK 2026'!J12-'LISTRIK 2026'!I12 -> 14939.7 | J12: ='LISTRIK 2026'!K12-'LISTRIK 2026'!J12 -> 9968.9 | K12: ='LISTRIK 2026'!L12-'LISTRIK 2026'!K12 -> 11958.8 | L12: ='LISTRIK 2026'!M12-'LISTRIK 2026'!L12 -> 14328.2
B13: HYPERMART AHU (AC) TARIF 2 (WBP) | I13: ='LISTRIK 2026'!J13-'LISTRIK 2026'!I13 -> 8020.7 | J13: ='LISTRIK 2026'!K13-'LISTRIK 2026'!J13 -> 5476.5 | K13: ='LISTRIK 2026'!L13-'LISTRIK 2026'!K13 -> 6271.1 | L13: ='LISTRIK 2026'!M13-'LISTRIK 2026'!L13 -> 7814.2
B14: HYPERMART GENSET AHU (AC) | F14: SOCOMEC | G14: E40 | H14: 18072010604 | I14: ='LISTRIK 2026'!J14-'LISTRIK 2026'!I14 -> 0 | J14: ='LISTRIK 2026'!K14-'LISTRIK 2026'!J14 -> 1 | K14: ='LISTRIK 2026'!L14-'LISTRIK 2026'!K14 -> 0 | L14: ='LISTRIK 2026'!M14-'LISTRIK 2026'!L14 -> 0
B15: LOGO WALLSIGN HYPERMART (DOUBLE TARIF) (TOTAL) | E15: 1 FASE 10 A | F15: SOCOMEC | G15: E10 | H15: 13132010735 | I15: ='LISTRIK 2026'!J15-'LISTRIK 2026'!I15 -> 43.3 | J15: ='LISTRIK 2026'!K15-'LISTRIK 2026'!J15 -> 40.8 | K15: ='LISTRIK 2026'!L15-'LISTRIK 2026'!K15 -> 46.1 | L15: ='LISTRIK 2026'!M15-'LISTRIK 2026'!L15 -> 40.7
B16: LOGO WALLSIGN HYPERMART TARIF 1 (LWBP) | G16: E10 | I16: ='LISTRIK 2026'!J16-'LISTRIK 2026'!I16 -> 0.1 | J16: ='LISTRIK 2026'!K16-'LISTRIK 2026'!J16 -> 0 | K16: ='LISTRIK 2026'!L16-'LISTRIK 2026'!K16 -> 0 | L16: ='LISTRIK 2026'!M16-'LISTRIK 2026'!L16 -> 0
B17: LOGO WALLSIGN HYPERMART TARIF 2 (WBP) | G17: E10 | I17: ='LISTRIK 2026'!J17-'LISTRIK 2026'!I17 -> 43.3 | J17: ='LISTRIK 2026'!K17-'LISTRIK 2026'!J17 -> 40.7 | K17: ='LISTRIK 2026'!L17-'LISTRIK 2026'!K17 -> 46.2 | L17: ='LISTRIK 2026'!M17-'LISTRIK 2026'!L17 -> 40.7
B18: LOGO GENSET WALLSIGN HYPERMART | G18: E10 | H18: 15342010953 | I18: ='LISTRIK 2026'!J18-'LISTRIK 2026'!I18 -> -0.7 | J18: ='LISTRIK 2026'!K18-'LISTRIK 2026'!J18 -> 0 | K18: ='LISTRIK 2026'!L18-'LISTRIK 2026'!K18 -> 0 | L18: ='LISTRIK 2026'!M18-'LISTRIK 2026'!L18 -> 0.5
A19: 2 | B19: NEW MINISO | C19: LG | D19: 01 - 03B | E19: 3 FASE 50 A | F19: SOCOMEC | G19: E30 | H19: 13262012698 | I19: ='LISTRIK 2026'!J19-'LISTRIK 2026'!I19 -> 7871 | J19: ='LISTRIK 2026'!K19-'LISTRIK 2026'!J19 -> 8259 | K19: ='LISTRIK 2026'!L19-'LISTRIK 2026'!K19 -> 9995 | L19: ='LISTRIK 2026'!M19-'LISTRIK 2026'!L19 -> 8999
A20: 3 | B20: IMPERIAL KITCHEN | C20: LG | D20: 6 | E20: 3 FASE 80 A | F20: SOCOMEC | G20: E20 | H20: 17202012200 | I20: ='LISTRIK 2026'!J20-'LISTRIK 2026'!I20 -> 7934 | J20: ='LISTRIK 2026'!K20-'LISTRIK 2026'!J20 -> 6726 | K20: ='LISTRIK 2026'!L20-'LISTRIK 2026'!K20 -> 7809 | L20: ='LISTRIK 2026'!M20-'LISTRIK 2026'!L20 -> 6641
A21: 4 | B21: BAKOEL BAMBOE | C21: LG | D21: 06 A | E21: 3 FASE 40 A | F21: SOCOMEC | G21: E20 | I21: ='LISTRIK 2026'!J21-'LISTRIK 2026'!I21 -> 4529 | J21: ='LISTRIK 2026'!K21-'LISTRIK 2026'!J21 -> 4100 | K21: ='LISTRIK 2026'!L21-'LISTRIK 2026'!K21 -> 4868 | L21: ='LISTRIK 2026'!M21-'LISTRIK 2026'!L21 -> 4172
B22: GUDANG BAKOEL BAMBOE | C22: P3 | D22: PARKIRAN | E22: 3 FASE 40 A | F22: SOCOMEC | G22: E20 | I22: ='LISTRIK 2026'!J22-'LISTRIK 2026'!I22 -> 4128.7 | J22: ='LISTRIK 2026'!K22-'LISTRIK 2026'!J22 -> 3965.6 | K22: ='LISTRIK 2026'!L22-'LISTRIK 2026'!K22 -> 5404 | L22: ='LISTRIK 2026'!M22-'LISTRIK 2026'!L22 -> 4527.4
A23: 5 | B23: YOSHINOYA | C23: LG | D23: 27 | E23: 3 FASE 100 A | F23: SOCOMEC | G23: E40 | H23: 14402010813 | I23: ='LISTRIK 2026'!J23-'LISTRIK 2026'!I23 -> 7785.9 | J23: ='LISTRIK 2026'!K23-'LISTRIK 2026'!J23 -> 7727.6 | K23: ='LISTRIK 2026'!L23-'LISTRIK 2026'!K23 -> 8642.4 | L23: ='LISTRIK 2026'!M23-'LISTRIK 2026'!L23 -> 7348.3
A24: 6 | B24: GURIH NUSANTARA | C24: LG | D24: 24 | E24: 3 FASE 20 A | F24: SOCOMEC | G24: E20 | I24: ='LISTRIK 2026'!J24-'LISTRIK 2026'!I24 -> 1788 | J24: ='LISTRIK 2026'!K24-'LISTRIK 2026'!J24 -> 1676 | K24: ='LISTRIK 2026'!L24-'LISTRIK 2026'!K24 -> 1972 | L24: ='LISTRIK 2026'!M24-'LISTRIK 2026'!L24 -> 1825
A25: 7 | B25: BONCAFE | C25: LG | D25: 23, 23A - 25 | E25: 3 FASE 125 A | F25: SOCOMEC | G25: E20 | H25: 0722206098 | I25: ='LISTRIK 2026'!J25-'LISTRIK 2026'!I25 -> 8497.6 | J25: ='LISTRIK 2026'!K25-'LISTRIK 2026'!J25 -> 7777.9 | K25: ='LISTRIK 2026'!L25-'LISTRIK 2026'!K25 -> 9124.3 | L25: ='LISTRIK 2026'!M25-'LISTRIK 2026'!L25 -> 0
B26: BONCAFE | C26: LG | D26: 23, 23A - 25 | K26: ='LISTRIK 2026'!L26-'LISTRIK 2026'!K26 -> 0.6 | L26: ='LISTRIK 2026'!M26-'LISTRIK 2026'!L26 -> 2580.1
A27: 8 | B27: LUCA | C27: LG | D27: ISLAND | F27: SCHNEIDER | H27: 214152054 | I27: ='LISTRIK 2026'!J27-'LISTRIK 2026'!I27 -> 927.1 | J27: ='LISTRIK 2026'!K27-'LISTRIK 2026'!J27 -> 761.2 | K27: ='LISTRIK 2026'!L27-'LISTRIK 2026'!K27 -> 925.7 | L27: ='LISTRIK 2026'!M27-'LISTRIK 2026'!L27 -> 848.9
B28: JUSCRACK | I28: ='LISTRIK 2026'!J28-'LISTRIK 2026'!I28 -> 272 | J28: ='LISTRIK 2026'!K28-'LISTRIK 2026'!J28 -> 242 | K28: ='LISTRIK 2026'!L28-'LISTRIK 2026'!K28 -> 221 | L28: ='LISTRIK 2026'!M28-'LISTRIK 2026'!L28 -> 357
A29: 9 | B29: DCREPES | C29: LG | I29: ='LISTRIK 2026'!J29-'LISTRIK 2026'!I29 -> 1157 | J29: ='LISTRIK 2026'!K29-'LISTRIK 2026'!J29 -> 1019 | K29: ='LISTRIK 2026'!L29-'LISTRIK 2026'!K29 -> 1222 | L29: ='LISTRIK 2026'!M29-'LISTRIK 2026'!L29 -> 1079
B30: GUDANG D'CREPES | I30: ='LISTRIK 2026'!J30-'LISTRIK 2026'!I30 -> 616.4 | J30: ='LISTRIK 2026'!K30-'LISTRIK 2026'!J30 -> 553.6 | K30: ='LISTRIK 2026'!L30-'LISTRIK 2026'!K30 -> 652.6 | L30: ='LISTRIK 2026'!M30-'LISTRIK 2026'!L30 -> 562.8
A31: 10 | B31: TAWAN | C31: LG | D31: 07 | E31: 3 FASE 50 A | F31: SOCOMEC | G31: E30 | H31: 13262012720 | I31: ='LISTRIK 2026'!J31-'LISTRIK 2026'!I31 -> 3581 | J31: ='LISTRIK 2026'!K31-'LISTRIK 2026'!J31 -> 3098 | K31: ='LISTRIK 2026'!L31-'LISTRIK 2026'!K31 -> 3892 | L31: ='LISTRIK 2026'!M31-'LISTRIK 2026'!L31 -> 3183
B32: GUDANG TAWAN | C32: P4 | E32: 1 FASE 16 A | F32: SOCOMEC | G32: AM10 | H32: IEC 62053-21 | I32: ='LISTRIK 2026'!J32-'LISTRIK 2026'!I32 -> 654.6 | J32: ='LISTRIK 2026'!K32-'LISTRIK 2026'!J32 -> 594.8 | K32: ='LISTRIK 2026'!L32-'LISTRIK 2026'!K32 -> 675.8 | L32: ='LISTRIK 2026'!M32-'LISTRIK 2026'!L32 -> 599.6
A33: 11 | B33: PEPPER LUNCH | C33: LG | D33: 08 | E33: 3 FASE 6 A | F33: SCHNEIDER | H33: 1025084099 | I33: ='LISTRIK 2026'!J33-'LISTRIK 2026'!I33 -> 7603.2 | J33: ='LISTRIK 2026'!K33-'LISTRIK 2026'!J33 -> 6374.1 | K33: ='LISTRIK 2026'!L33-'LISTRIK 2026'!K33 -> 8009.1 | L33: ='LISTRIK 2026'!M33-'LISTRIK 2026'!L33 -> 6730.4
B34: GUDANG PEPPER LUNCH | C34: P1 | D34: GUDANG NO. 1 | E34: 1 FASE 16 A | F34: SOCOMEC | G34: AM10 | H34: 11123311334 | I34: ='LISTRIK 2026'!J34-'LISTRIK 2026'!I34 -> 918.5 | J34: ='LISTRIK 2026'!K34-'LISTRIK 2026'!J34 -> 816.2 | K34: ='LISTRIK 2026'!L34-'LISTRIK 2026'!K34 -> 939 | L34: ='LISTRIK 2026'!M34-'LISTRIK 2026'!L34 -> 828.1
A35: 12 | B35: RAMEN 01 | C35: LG | D35: 9 | E35: 3 FASE 32 A | F35: SOCOMEC | G35: E20 | I35: ='LISTRIK 2026'!J35-'LISTRIK 2026'!I35 -> 2624 | J35: ='LISTRIK 2026'!K35-'LISTRIK 2026'!J35 -> 2413 | K35: ='LISTRIK 2026'!L35-'LISTRIK 2026'!K35 -> 2734 | L35: ='LISTRIK 2026'!M35-'LISTRIK 2026'!L35 -> 2436
A36: 13 | B36: ICHIBAN SUSHI | C36: LG | D36: 10 | E36: 3 FASE 32 A | F36: SOCOMEC | G36: E20 | H36: 17272011265 | I36: ='LISTRIK 2026'!J36-'LISTRIK 2026'!I36 -> 2969 | J36: ='LISTRIK 2026'!K36-'LISTRIK 2026'!J36 -> 2683 | K36: ='LISTRIK 2026'!L36-'LISTRIK 2026'!K36 -> 3187 | L36: ='LISTRIK 2026'!M36-'LISTRIK 2026'!L36 -> 2954
A37: 14 | B37: ROYAL K BBQ | C37: LG | D37: 11 | E37: 3 FASE 25 A | F37: SCHNEIDER | H37: 0214496105 | I37: ='LISTRIK 2026'!J37-'LISTRIK 2026'!I37 -> 1352.3 | J37: ='LISTRIK 2026'!K37-'LISTRIK 2026'!J37 -> 1193 | K37: ='LISTRIK 2026'!L37-'LISTRIK 2026'!K37 -> 1349.8 | L37: ='LISTRIK 2026'!M37-'LISTRIK 2026'!L37 -> 1274.2
A38: 15 | B38: SOLARIA | C38: LG | D38: 12 - 12 A | E38: 3 FASE 40 A | F38: SOCOMEC | G38: E21 | H38: 13152011170 | I38: ='LISTRIK 2026'!J38-'LISTRIK 2026'!I38 -> 5488 | J38: ='LISTRIK 2026'!K38-'LISTRIK 2026'!J38 -> 5007 | K38: ='LISTRIK 2026'!L38-'LISTRIK 2026'!K38 -> 6038 | L38: ='LISTRIK 2026'!M38-'LISTRIK 2026'!L38 -> 5244
A39: 16 | B39: DAPUR SOLO | C39: LG | D39: 13 | E39: 3 FASE 32 A | F39: SCHNEIDER | H39: 0219076016 | I39: ='LISTRIK 2026'!J39-'LISTRIK 2026'!I39 -> 3400.9 | J39: ='LISTRIK 2026'!K39-'LISTRIK 2026'!J39 -> 3023.5 | K39: ='LISTRIK 2026'!L39-'LISTRIK 2026'!K39 -> 3308 | L39: ='LISTRIK 2026'!M39-'LISTRIK 2026'!L39 -> 2868.2
B40: GUDANG DAPUR SOLO | I40: ='LISTRIK 2026'!J40-'LISTRIK 2026'!I40 -> 1088 | J40: ='LISTRIK 2026'!K40-'LISTRIK 2026'!J40 -> 901 | K40: ='LISTRIK 2026'!L40-'LISTRIK 2026'!K40 -> 1324 | L40: ='LISTRIK 2026'!M40-'LISTRIK 2026'!L40 -> 982
A41: 17 | B41: BABAKU | C41: LG | D41: 16 | E41: 3 FASE 20 A | F41: SOCOMEC | G41: E20 | I41: ='LISTRIK 2026'!J41-'LISTRIK 2026'!I41 -> 1411 | J41: ='LISTRIK 2026'!K41-'LISTRIK 2026'!J41 -> 1239 | K41: ='LISTRIK 2026'!L41-'LISTRIK 2026'!K41 -> 1433 | L41: ='LISTRIK 2026'!M41-'LISTRIK 2026'!L41 -> 1246
A42: 18 | B42: KFC | C42: LG | D42: 17 - 19 | E42: 3 FASE 100 A | F42: SCHNEIDER | H42: 717441052 | I42: ='LISTRIK 2026'!J42-'LISTRIK 2026'!I42 -> 2246.9 | J42: ='LISTRIK 2026'!K42-'LISTRIK 2026'!J42 -> 1932.4 | K42: ='LISTRIK 2026'!L42-'LISTRIK 2026'!K42 -> 2041.7 | L42: ='LISTRIK 2026'!M42-'LISTRIK 2026'!L42 -> 2021.3
B43: KFC LOGO (WALLSIGN) | C43: P5 | D43: P5 | E43: 1 FASE 10 A | F43: SOCOMEC | G43: AM10 | H43: 11183313009 | I43: ='LISTRIK 2026'!J43-'LISTRIK 2026'!I43 -> 11.5 | J43: ='LISTRIK 2026'!K43-'LISTRIK 2026'!J43 -> 10.7 | K43: ='LISTRIK 2026'!L43-'LISTRIK 2026'!K43 -> 12.1 | L43: ='LISTRIK 2026'!M43-'LISTRIK 2026'!L43 -> 11
A44: 19 | B44: MR. DIY | C44: LG | D44: 20 | E44: 3 FASE 60 | F44: SOCOMEC | G44: E20 | H44: 17272011868 | I44: ='LISTRIK 2026'!J44-'LISTRIK 2026'!I44 -> 2897 | J44: ='LISTRIK 2026'!K44-'LISTRIK 2026'!J44 -> 2565 | K44: ='LISTRIK 2026'!L44-'LISTRIK 2026'!K44 -> 2955 | L44: ='LISTRIK 2026'!M44-'LISTRIK 2026'!L44 -> 2459
B45: MR. DIY LOGO (WALLSIGN) | C45: P5 | D45: P5 | E45: 1 FASE 10 A | F45: SOCOMEC | G45: AM10 | H45: IEC 62053-21 | I45: ='LISTRIK 2026'!J45-'LISTRIK 2026'!I45 -> 18.9 | J45: ='LISTRIK 2026'!K45-'LISTRIK 2026'!J45 -> 18.7 | K45: ='LISTRIK 2026'!L45-'LISTRIK 2026'!K45 -> 20.3 | L45: ='LISTRIK 2026'!M45-'LISTRIK 2026'!L45 -> 18.4
A46: 20 | B46: TOYS KINGDOM | C46: LG | D46: 21 | E46: 3 FASE 60 | F46: SOCOMEC | G46: E20 | I46: ='LISTRIK 2026'!J46-'LISTRIK 2026'!I46 -> 5586 | J46: ='LISTRIK 2026'!K46-'LISTRIK 2026'!J46 -> 4924 | K46: ='LISTRIK 2026'!L46-'LISTRIK 2026'!K46 -> 5564 | L46: ='LISTRIK 2026'!M46-'LISTRIK 2026'!L46 -> 5187
B47: TOYS KINGDOM (WALLSIGN) | C47: P5 | D47: P5 | E47: 1 FASE 10 A | F47: SOCOMEC | G47: AM10 | I47: ='LISTRIK 2026'!J47-'LISTRIK 2026'!I47 -> 11.3 | J47: ='LISTRIK 2026'!K47-'LISTRIK 2026'!J47 -> 10.2 | K47: ='LISTRIK 2026'!L47-'LISTRIK 2026'!K47 -> 11.4 | L47: ='LISTRIK 2026'!M47-'LISTRIK 2026'!L47 -> 10.1
A48: 21 | B48: POMPA TRANSFER UNTUK APARTEMEN (ROOFTOP) | C48: LG | D48: RUANG POMPA | E48: 3 FASE 50 A | F48: SOCOMEC | G48: E33 | H48: 13362010868 | I48: ='LISTRIK 2026'!J48-'LISTRIK 2026'!I48 -> 5815 | J48: ='LISTRIK 2026'!K48-'LISTRIK 2026'!J48 -> 5322 | K48: ='LISTRIK 2026'!L48-'LISTRIK 2026'!K48 -> 5612 | L48: ='LISTRIK 2026'!M48-'LISTRIK 2026'!L48 -> 3032
A49: 22 | B49: BSB PANTAI | E49: 3 FASE 32 A | F49: SOCOMEC | G49: E20 | I49: ='LISTRIK 2026'!J49-'LISTRIK 2026'!I49 -> 4749 | J49: ='LISTRIK 2026'!K49-'LISTRIK 2026'!J49 -> 4051 | K49: ='LISTRIK 2026'!L49-'LISTRIK 2026'!K49 -> 4564 | L49: ='LISTRIK 2026'!M49-'LISTRIK 2026'!L49 -> 3496
B50: GUDANG BSB PANTAI | C50: GF | E50: 3 FASE 25 A | F50: SOCOMEC | G50: E20 | I50: ='LISTRIK 2026'!J50-'LISTRIK 2026'!I50 -> 1626 | J50: ='LISTRIK 2026'!K50-'LISTRIK 2026'!J50 -> 1319 | K50: ='LISTRIK 2026'!L50-'LISTRIK 2026'!K50 -> 1799 | L50: ='LISTRIK 2026'!M50-'LISTRIK 2026'!L50 -> 1425
A51: 23 | B51: ATM BANK BSI | C51: LG | D51: SKYBRIDGE (UNIT # 9) | E51: 1 FASE 10 A | F51: SOCOMEC | G51: E00 | H51: 18102010099 | I51: ='LISTRIK 2026'!J51-'LISTRIK 2026'!I51 -> 131.1 | J51: ='LISTRIK 2026'!K51-'LISTRIK 2026'!J51 -> 132.9 | K51: ='LISTRIK 2026'!L51-'LISTRIK 2026'!K51 -> 151.1 | L51: ='LISTRIK 2026'!M51-'LISTRIK 2026'!L51 -> 135.3
B52: ATM BANK BRI | D52: SKYBRIDGE (UNIT # 9) | E52: 1 FASE 10 A | F52: SOCOMEC | G52: E00 | I52: ='LISTRIK 2026'!J52-'LISTRIK 2026'!I52 -> 139.3 | J52: ='LISTRIK 2026'!K52-'LISTRIK 2026'!J52 -> 126 | K52: ='LISTRIK 2026'!L52-'LISTRIK 2026'!K52 -> 143.7 | L52: ='LISTRIK 2026'!M52-'LISTRIK 2026'!L52 -> 138.6
B53: ATM BANK BPD/KALTIMTARA | D53: SKYBRIDGE (UNIT # 16) | E53: 1 FASE 10 A | F53: SOCOMEC | G53: E00 | H53: 18102010106 | I53: ='LISTRIK 2026'!J53-'LISTRIK 2026'!I53 -> 73.9 | J53: ='LISTRIK 2026'!K53-'LISTRIK 2026'!J53 -> 66.1 | K53: ='LISTRIK 2026'!L53-'LISTRIK 2026'!K53 -> 75.9 | L53: ='LISTRIK 2026'!M53-'LISTRIK 2026'!L53 -> 68.1
B54: ATM BANK MANDIRI | D54: SKYBRIDGE (UNIT # 21) | E54: 1 FASE 10 A | F54: SOCOMEC | G54: E00 | H54: 18102010111 | I54: ='LISTRIK 2026'!J54-'LISTRIK 2026'!I54 -> 198.5 | J54: ='LISTRIK 2026'!K54-'LISTRIK 2026'!J54 -> 199.6 | K54: ='LISTRIK 2026'!L54-'LISTRIK 2026'!K54 -> 215.9 | L54: ='LISTRIK 2026'!M54-'LISTRIK 2026'!L54 -> 187.6
A55: 24 | B55: STARBUCKS COFFEE | C55: GF | D55: 01 - 02 | E55: 3 FASE 100 A | F55: SCHNEIDER | H55: 715105171 | I55: ='LISTRIK 2026'!J55-'LISTRIK 2026'!I55 -> 3924.9 | J55: ='LISTRIK 2026'!K55-'LISTRIK 2026'!J55 -> 3366.2 | K55: ='LISTRIK 2026'!L55-'LISTRIK 2026'!K55 -> 3779.5 | L55: ='LISTRIK 2026'!M55-'LISTRIK 2026'!L55 -> 3551.3
B56: STARBUCKS COFFEE LOGO (WALLSIGN) | E56: 1 FASE 16 A | F56: SOCOMEC | G56: E10 | H56: 15472011072 | I56: ='LISTRIK 2026'!J56-'LISTRIK 2026'!I56 -> 8.3 | J56: ='LISTRIK 2026'!K56-'LISTRIK 2026'!J56 -> 7.5 | K56: ='LISTRIK 2026'!L56-'LISTRIK 2026'!K56 -> 8.6 | L56: ='LISTRIK 2026'!M56-'LISTRIK 2026'!L56 -> 7.7
A57: 25 | B57: FRANK & CO | C57: GF | D57: 03 | E57: 3 FASE 32 A | F57: SOCOMEC | G57: E30 | H57: 13262012741 | I57: ='LISTRIK 2026'!J57-'LISTRIK 2026'!I57 -> 2057 | J57: ='LISTRIK 2026'!K57-'LISTRIK 2026'!J57 -> 1861 | K57: ='LISTRIK 2026'!L57-'LISTRIK 2026'!K57 -> 2032 | L57: ='LISTRIK 2026'!M57-'LISTRIK 2026'!L57 -> 1854
B58: FRANK & CO LOGO (WALLSIGN) | D58: P3 | E58: 1 FASE 16 A | F58: SOCOMEC | G58: AM10 | H58: 11183312188 | I58: ='LISTRIK 2026'!J58-'LISTRIK 2026'!I58 -> 0 | J58: ='LISTRIK 2026'!K58-'LISTRIK 2026'!J58 -> 0.1 | K58: ='LISTRIK 2026'!L58-'LISTRIK 2026'!K58 -> -0.1 | L58: ='LISTRIK 2026'!M58-'LISTRIK 2026'!L58 -> 0
A59: 26 | B59: STACCATO | C59: GF | D59: 03 A | E59: 3 FASE 25 A | F59: SCHNEIDER | H59: 215141052 | I59: ='LISTRIK 2026'!J59-'LISTRIK 2026'!I59 -> 917.6 | J59: ='LISTRIK 2026'!K59-'LISTRIK 2026'!J59 -> 277.8 | K59: ='LISTRIK 2026'!L59-'LISTRIK 2026'!K59 -> 1815 | L59: ='LISTRIK 2026'!M59-'LISTRIK 2026'!L59 -> 1729.2
A60: 27 | B60: ALDO | C60: GF | D60: 05 | E60: 3 FASE 25 A | F60: SOCOMEC | G60: E20 | H60: 13152011173 | I60: ='LISTRIK 2026'!J60-'LISTRIK 2026'!I60 -> 1053 | J60: ='LISTRIK 2026'!K60-'LISTRIK 2026'!J60 -> 168 | K60: ='LISTRIK 2026'!L60-'LISTRIK 2026'!K60 -> 1848 | L60: ='LISTRIK 2026'!M60-'LISTRIK 2026'!L60 -> 1761
A61: 28 | B61: BLEND WINE & CO (AC) | C61: GF | D61: 06 | E61: 3 FASE 75 A | F61: SCHNEIDER | H61: 1015463046 | I61: ='LISTRIK 2026'!J61-'LISTRIK 2026'!I61 -> 6821.1 | J61: ='LISTRIK 2026'!K61-'LISTRIK 2026'!J61 -> 3327.4 | K61: ='LISTRIK 2026'!L61-'LISTRIK 2026'!K61 -> 4287.1 | L61: ='LISTRIK 2026'!M61-'LISTRIK 2026'!L61 -> 3759.5
B62: BLEND WINE & CO | E62: 3 FASE 60 A | F62: SOCOMEC | G62: E21 | H62: 13152011177 | I62: ='LISTRIK 2026'!J62-'LISTRIK 2026'!I62 -> 56 | J62: ='LISTRIK 2026'!K62-'LISTRIK 2026'!J62 -> 47 | K62: ='LISTRIK 2026'!L62-'LISTRIK 2026'!K62 -> 54 | L62: ='LISTRIK 2026'!M62-'LISTRIK 2026'!L62 -> 45
A63: 29 | B63: CHARLES & KEITH | C63: GF | D63: 07 - 09 | E63: 3 FASE 25 A | F63: SOCOMEC | G63: E30 | H63: 13262012708 | I63: ='LISTRIK 2026'!J63-'LISTRIK 2026'!I63 -> 2432 | J63: ='LISTRIK 2026'!K63-'LISTRIK 2026'!J63 -> 2235 | K63: ='LISTRIK 2026'!L63-'LISTRIK 2026'!K63 -> 2547 | L63: ='LISTRIK 2026'!M63-'LISTRIK 2026'!L63 -> 2278
A64: 30 | B64: UNIQLO | C64: GF | D64: ANCHOR A | E64: 3 FASE 200 A | F64: SOCOMEC | G64: E41 | H64: 18342010865 | I64: ='LISTRIK 2026'!J64-'LISTRIK 2026'!I64 -> 19112 | J64: ='LISTRIK 2026'!K64-'LISTRIK 2026'!J64 -> 17186 | K64: ='LISTRIK 2026'!L64-'LISTRIK 2026'!K64 -> 19959 | L64: ='LISTRIK 2026'!M64-'LISTRIK 2026'!L64 -> 17513
B65: LOGO WALL SIGN UNIQLO | C65: GF | D65: LOBBY PANTAI BSB | E65: 1 FASE 10 A | F65: SOCOMEC | G65: AM10 | I65: ='LISTRIK 2026'!J65-'LISTRIK 2026'!I65 -> 81 | J65: ='LISTRIK 2026'!K65-'LISTRIK 2026'!J65 -> 73.1 | K65: ='LISTRIK 2026'!L65-'LISTRIK 2026'!K65 -> 82.9 | L65: ='LISTRIK 2026'!M65-'LISTRIK 2026'!L65 -> 26.1
A66: 31 | B66: PEDRO | C66: GF | D66: 10 - 11 | E66: 3 FASE 25 A | F66: SOCOMEC | G66: E30 | H66: 13262012738 | I66: ='LISTRIK 2026'!J66-'LISTRIK 2026'!I66 -> 2275 | J66: ='LISTRIK 2026'!K66-'LISTRIK 2026'!J66 -> 2110 | K66: ='LISTRIK 2026'!L66-'LISTRIK 2026'!K66 -> 2377 | L66: ='LISTRIK 2026'!M66-'LISTRIK 2026'!L66 -> 2093
A67: 32 | B67: SOCIOLLA | C67: GF | D67: 12 - 12A | E67: 3 FASE 25 A | F67: SOCOMEC | G67: E20 | I67: ='LISTRIK 2026'!J67-'LISTRIK 2026'!I67 -> 1812 | J67: ='LISTRIK 2026'!K67-'LISTRIK 2026'!J67 -> 1625 | K67: ='LISTRIK 2026'!L67-'LISTRIK 2026'!K67 -> 1838 | L67: ='LISTRIK 2026'!M67-'LISTRIK 2026'!L67 -> 1636
A68: 33 | B68: VICTORIA SECRET | C68: GF | D68: 12 B - 17 | E68: 3 FASE 60 A | F68: SCHNEIDER | H68: 724106165 | I68: ='LISTRIK 2026'!J68-'LISTRIK 2026'!I68 -> 1025.1 | J68: ='LISTRIK 2026'!K68-'LISTRIK 2026'!J68 -> 898.7 | K68: ='LISTRIK 2026'!L68-'LISTRIK 2026'!K68 -> 1020.2 | L68: ='LISTRIK 2026'!M68-'LISTRIK 2026'!L68 -> 908.9
A69: 34 | B69: BATH & BODYWORKS (BBW) | C69: GF | D69: 12 B - 18 | E69: 3 FASE 60 A | F69: SCHNEIDER | H69: 724106142 | I69: ='LISTRIK 2026'!J69-'LISTRIK 2026'!I69 -> 1753 | J69: ='LISTRIK 2026'!K69-'LISTRIK 2026'!J69 -> 1639.9 | K69: ='LISTRIK 2026'!L69-'LISTRIK 2026'!K69 -> 1877.9 | L69: ='LISTRIK 2026'!M69-'LISTRIK 2026'!L69 -> 1682.1
A70: 35 | B70: FLYING TIGER | C70: GF | D70: 21 | E70: 3 FASE 16 A | F70: SCHNEIDER | H70: 224025181 | I70: ='LISTRIK 2026'!J70-'LISTRIK 2026'!I70 -> 1820.8 | J70: ='LISTRIK 2026'!K70-'LISTRIK 2026'!J70 -> 1666.7 | K70: ='LISTRIK 2026'!L70-'LISTRIK 2026'!K70 -> 1887.5 | L70: ='LISTRIK 2026'!M70-'LISTRIK 2026'!L70 -> 1698
A71: 36 | B71: COL'S FROYO | C71: GF | D71: 20 | E71: 3 FASE 16 A | F71: SOCOMEC | G71: E20 | I71: ='LISTRIK 2026'!J71-'LISTRIK 2026'!I71 -> 1069 | J71: ='LISTRIK 2026'!K71-'LISTRIK 2026'!J71 -> 942 | K71: ='LISTRIK 2026'!L71-'LISTRIK 2026'!K71 -> 1206 | L71: ='LISTRIK 2026'!M71-'LISTRIK 2026'!L71 -> 1314
A72: 37 | B72: SHEM SUSHI | C72: GF | D72: 18 | E72: 3 FASE 16 A | F72: SOCOMEC | G72: E20 | I72: ='LISTRIK 2026'!J72-'LISTRIK 2026'!I72 -> 2765 | J72: ='LISTRIK 2026'!K72-'LISTRIK 2026'!J72 -> 2656 | K72: ='LISTRIK 2026'!L72-'LISTRIK 2026'!K72 -> 3015 | L72: ='LISTRIK 2026'!M72-'LISTRIK 2026'!L72 -> 2433
A73: 38 | B73: H & M (DOUBLE TARIF) (TOTAL) | C73: GF | D73: 22 - 29 | E73: 3 FASE 250 A | F73: SCHNEIDER | H73: 1015422130 | I73: ='LISTRIK 2026'!J73-'LISTRIK 2026'!I73 -> 23820.7 | J73: ='LISTRIK 2026'!K73-'LISTRIK 2026'!J73 -> 15633.5 | K73: ='LISTRIK 2026'!L73-'LISTRIK 2026'!K73 -> 13216.3 | L73: ='LISTRIK 2026'!M73-'LISTRIK 2026'!L73 -> 12043.9
B74: H & M TARIF 1 (LWBP) | I74: ='LISTRIK 2026'!J74-'LISTRIK 2026'!I74 -> 17053 | J74: ='LISTRIK 2026'!K74-'LISTRIK 2026'!J74 -> 11770.4 | K74: ='LISTRIK 2026'!L74-'LISTRIK 2026'!K74 -> 9000.1 | L74: ='LISTRIK 2026'!M74-'LISTRIK 2026'!L74 -> 8346.5
B75: H & M TARIF 2 (LWBP) | I75: ='LISTRIK 2026'!J75-'LISTRIK 2026'!I75 -> 6767.7 | J75: ='LISTRIK 2026'!K75-'LISTRIK 2026'!J75 -> 3863.1 | K75: ='LISTRIK 2026'!L75-'LISTRIK 2026'!K75 -> 4216.3 | L75: ='LISTRIK 2026'!M75-'LISTRIK 2026'!L75 -> 3696.9
B76: H & M GENSET | H76: 715103052 | I76: ='LISTRIK 2026'!J76-'LISTRIK 2026'!I76 -> 0.8 | J76: ='LISTRIK 2026'!K76-'LISTRIK 2026'!J76 -> 0 | K76: ='LISTRIK 2026'!L76-'LISTRIK 2026'!K76 -> 0 | L76: ='LISTRIK 2026'!M76-'LISTRIK 2026'!L76 -> 1.5
B77: LOGO WALLSIGN H & M (DOUBLE TARIF) (TOTAL) | E77: 1 FASE 16 A | F77: SOCOMEC | G77: E10 | H77: 1313201073 | I77: ='LISTRIK 2026'!J77-'LISTRIK 2026'!I77 -> 54.6 | J77: ='LISTRIK 2026'!K77-'LISTRIK 2026'!J77 -> 60.7 | K77: ='LISTRIK 2026'!L77-'LISTRIK 2026'!K77 -> 41.9 | L77: ='LISTRIK 2026'!M77-'LISTRIK 2026'!L77 -> 59
B78: LOGO WALLSIGN H & M TARIF 1 (LWBP) | G78: E10 | I78: ='LISTRIK 2026'!J78-'LISTRIK 2026'!I78 -> 42.3 | J78: ='LISTRIK 2026'!K78-'LISTRIK 2026'!J78 -> 46.9 | K78: ='LISTRIK 2026'!L78-'LISTRIK 2026'!K78 -> 32.5 | L78: ='LISTRIK 2026'!M78-'LISTRIK 2026'!L78 -> 45.4
B79: LOGO WALLSIGN H & M TARIF 2 (WBP) | G79: E10 | I79: ='LISTRIK 2026'!J79-'LISTRIK 2026'!I79 -> 12.3 | J79: ='LISTRIK 2026'!K79-'LISTRIK 2026'!J79 -> 13.8 | K79: ='LISTRIK 2026'!L79-'LISTRIK 2026'!K79 -> 9.4 | L79: ='LISTRIK 2026'!M79-'LISTRIK 2026'!L79 -> 13.6
B80: GENSET LOGO WALLSIGN H & M | G80: E10 | H80: 15342010945 | I80: ='LISTRIK 2026'!J80-'LISTRIK 2026'!I80 -> 0.1 | J80: ='LISTRIK 2026'!K80-'LISTRIK 2026'!J80 -> 0 | K80: ='LISTRIK 2026'!L80-'LISTRIK 2026'!K80 -> 0 | L80: ='LISTRIK 2026'!M80-'LISTRIK 2026'!L80 -> 0.8
B81: LOGO WALLSIGN H & M | D81: LOBBY PANTAI BSB | E81: 1 FASE 10 A | F81: SOCOMEC | G81: E00 | I81: ='LISTRIK 2026'!J81-'LISTRIK 2026'!I81 -> 69.7 | J81: ='LISTRIK 2026'!K81-'LISTRIK 2026'!J81 -> 63.4 | K81: ='LISTRIK 2026'!L81-'LISTRIK 2026'!K81 -> 72.5 | L81: ='LISTRIK 2026'!M81-'LISTRIK 2026'!L81 -> 63.8
A82: 39 | B82: MLB | C82: GF | D82: 30 | I82: ='LISTRIK 2026'!J82-'LISTRIK 2026'!I82 -> 686.2 | J82: ='LISTRIK 2026'!K82-'LISTRIK 2026'!J82 -> 629.8 | K82: ='LISTRIK 2026'!L82-'LISTRIK 2026'!K82 -> 725.1 | L82: ='LISTRIK 2026'!M82-'LISTRIK 2026'!L82 -> 667.8
A83: 40 | B83: SHEM RAMEN | C83: GF | D83: 31 | E83: 3 FASE 16 A | F83: SOCOMEC | G83: E20 | I83: ='LISTRIK 2026'!J83-'LISTRIK 2026'!I83 -> 2332 | J83: ='LISTRIK 2026'!K83-'LISTRIK 2026'!J83 -> 1982 | K83: ='LISTRIK 2026'!L83-'LISTRIK 2026'!K83 -> 2390 | L83: ='LISTRIK 2026'!M83-'LISTRIK 2026'!L83 -> 2095
A84: 41 | B84: WARUNG KOFFIE BATAVIA | C84: GF | D84: 32 - 33 | E84: 3 FASE 60 A | F84: SOCOMEC | G84: E30 | H84: 13262012772 | I84: ='LISTRIK 2026'!J84-'LISTRIK 2026'!I84 -> 3814 | J84: ='LISTRIK 2026'!K84-'LISTRIK 2026'!J84 -> 3354 | K84: ='LISTRIK 2026'!L84-'LISTRIK 2026'!K84 -> 3707 | L84: ='LISTRIK 2026'!M84-'LISTRIK 2026'!L84 -> 3281
A85: 42 | B85: FORE COFFEE | C85: GF | D85: 36 | E85: 3 FASE 40 A | F85: SCHNEIDER | H85: 0215145056 | I85: ='LISTRIK 2026'!J85-'LISTRIK 2026'!I85 -> 2563.8 | J85: ='LISTRIK 2026'!K85-'LISTRIK 2026'!J85 -> 2257.1 | K85: ='LISTRIK 2026'!L85-'LISTRIK 2026'!K85 -> 2592.9 | L85: ='LISTRIK 2026'!M85-'LISTRIK 2026'!L85 -> 2377.4
B86: GUDANG FORE | C86: P3 | D86: PARKIRAN | E86: 1 FASE 16 A | F86: SOCOMEC | G86: E00 | H86: 48503058 | I86: ='LISTRIK 2026'!J86-'LISTRIK 2026'!I86 -> 168.6 | J86: ='LISTRIK 2026'!K86-'LISTRIK 2026'!J86 -> 149.1 | K86: ='LISTRIK 2026'!L86-'LISTRIK 2026'!K86 -> 20998.5 | L86: ='LISTRIK 2026'!M86-'LISTRIK 2026'!L86 -> -20671.7
A87: 43 | B87: PANDORA | C87: GF | D87: 41 | E87: 3 FASE 16 A | F87: SCHNEIDER | H87: IEM 3110 0224026240 | I87: ='LISTRIK 2026'!J87-'LISTRIK 2026'!I87 -> 1135.9 | J87: ='LISTRIK 2026'!K87-'LISTRIK 2026'!J87 -> 1029.4 | K87: ='LISTRIK 2026'!L87-'LISTRIK 2026'!K87 -> 176.4 | L87: ='LISTRIK 2026'!M87-'LISTRIK 2026'!L87 -> 2079.7
A88: 44 | B88: SEPHORA | C88: GF | D88: 37 - 40 | I88: ='LISTRIK 2026'!J88-'LISTRIK 2026'!I88 -> 8912.2 | J88: ='LISTRIK 2026'!K88-'LISTRIK 2026'!J88 -> 7980.3 | K88: ='LISTRIK 2026'!L88-'LISTRIK 2026'!K88 -> 9321.2 | L88: ='LISTRIK 2026'!M88-'LISTRIK 2026'!L88 -> 8337.4
B89: SEPHORA WALL SIGN | C89: GF | D89: BEACH GATE | I89: ='LISTRIK 2026'!J89-'LISTRIK 2026'!I89 -> 3707.4 | J89: ='LISTRIK 2026'!K89-'LISTRIK 2026'!J89 -> 50.7 | K89: ='LISTRIK 2026'!L89-'LISTRIK 2026'!K89 -> 58.1 | L89: ='LISTRIK 2026'!M89-'LISTRIK 2026'!L89 -> 51.2
A90: 45 | B90: L'OCCITANE | C90: GF | D90: 33 A - 35 | I90: ='LISTRIK 2026'!J90-'LISTRIK 2026'!I90 -> 916.3 | J90: ='LISTRIK 2026'!K90-'LISTRIK 2026'!J90 -> 729.2 | K90: ='LISTRIK 2026'!L90-'LISTRIK 2026'!K90 -> 851.3 | L90: ='LISTRIK 2026'!M90-'LISTRIK 2026'!L90 -> 775.1
A91: 46 | B91: GARMIN | C91: GF | D91: 42A | E91: 3 FASE 25 A | F91: SOCOMEC | G91: E20 | I91: ='LISTRIK 2026'!J91-'LISTRIK 2026'!I91 -> 823 | J91: ='LISTRIK 2026'!K91-'LISTRIK 2026'!J91 -> 731 | K91: ='LISTRIK 2026'!L91-'LISTRIK 2026'!K91 -> 801 | L91: ='LISTRIK 2026'!M91-'LISTRIK 2026'!L91 -> 729
A92: 47 | B92: HAVAIANAS | C92: GF | D92: 42B | E92: 3 FASE 10 A | F92: SOCOMEC | G92: E20 | I92: ='LISTRIK 2026'!J92-'LISTRIK 2026'!I92 -> 847 | J92: ='LISTRIK 2026'!K92-'LISTRIK 2026'!J92 -> 767 | K92: ='LISTRIK 2026'!L92-'LISTRIK 2026'!K92 -> 858 | L92: ='LISTRIK 2026'!M92-'LISTRIK 2026'!L92 -> 772
A93: 48 | B93: CAR WASH | I93: ='LISTRIK 2026'!J93-'LISTRIK 2026'!I93 -> 1189 | J93: ='LISTRIK 2026'!K93-'LISTRIK 2026'!J93 -> 991 | K93: ='LISTRIK 2026'!L93-'LISTRIK 2026'!K93 -> 1265 | L93: ='LISTRIK 2026'!M93-'LISTRIK 2026'!L93 -> 854
A94: 49 | B94: SHOWROOM CARWASH | D94: PARKIRAN BELAKANG LOADING HYPERMART | E94: 3 FASE 40 A | F94: SOCOMEC | G94: E20 | H94: 13482010639 | I94: ='LISTRIK 2026'!J94-'LISTRIK 2026'!I94 -> 1288 | J94: ='LISTRIK 2026'!K94-'LISTRIK 2026'!J94 -> 994 | K94: ='LISTRIK 2026'!L94-'LISTRIK 2026'!K94 -> 1263 | L94: ='LISTRIK 2026'!M94-'LISTRIK 2026'!L94 -> 1144
A95: 50 | B95: PENTACITY HOTEL BALIKPAPAN | C95: GF | D95: AREA LOBBY UTAMA | E95: 3 FASE 16 A | F95: SOCOMEC | G95: E20 | H95: 17312010468 | I95: ='LISTRIK 2026'!J95-'LISTRIK 2026'!I95 -> 1974 | J95: ='LISTRIK 2026'!K95-'LISTRIK 2026'!J95 -> 2235 | K95: ='LISTRIK 2026'!L95-'LISTRIK 2026'!K95 -> 3512 | L95: ='LISTRIK 2026'!M95-'LISTRIK 2026'!L95 -> 676
B96: LOGO HOTEL PENTACITY & ASTARA | E96: 3 FASE 32 A | F96: SOCOMEC | G96: E20 | I96: ='LISTRIK 2026'!J96-'LISTRIK 2026'!I96 -> 190 | J96: ='LISTRIK 2026'!K96-'LISTRIK 2026'!J96 -> 172 | K96: ='LISTRIK 2026'!L96-'LISTRIK 2026'!K96 -> 207 | L96: ='LISTRIK 2026'!M96-'LISTRIK 2026'!L96 -> 164
B97: TAMAN POHON PALM HOTEL PENTACITY | E97: 1 FASE 16 A | F97: SOCOMEC | G97: E00 | H97: 13172010268 | I97: ='LISTRIK 2026'!J97-'LISTRIK 2026'!I97 -> 19.1 | J97: ='LISTRIK 2026'!K97-'LISTRIK 2026'!J97 -> 5.3 | K97: ='LISTRIK 2026'!L97-'LISTRIK 2026'!K97 -> 25.2 | L97: ='LISTRIK 2026'!M97-'LISTRIK 2026'!L97 -> 22
A98: 51 | B98: VANS | C98: UG | D98: 01 | E98: 3 FASE 16 A | F98: SOCOMEC | G98: E30 | I98: ='LISTRIK 2026'!J98-'LISTRIK 2026'!I98 -> 1191 | J98: ='LISTRIK 2026'!K98-'LISTRIK 2026'!J98 -> 1166 | K98: ='LISTRIK 2026'!L98-'LISTRIK 2026'!K98 -> 1330 | L98: ='LISTRIK 2026'!M98-'LISTRIK 2026'!L98 -> 1185
A99: 52 | B99: SAMSONITE | C99: UG | D99: 03 A - 05 | E99: 3 FASE 16 A | F99: SOCOMEC | G99: E21 | H99: 13152011224 | I99: ='LISTRIK 2026'!J99-'LISTRIK 2026'!I99 -> 773 | J99: ='LISTRIK 2026'!K99-'LISTRIK 2026'!J99 -> 697 | K99: ='LISTRIK 2026'!L99-'LISTRIK 2026'!K99 -> 794 | L99: ='LISTRIK 2026'!M99-'LISTRIK 2026'!L99 -> 722
A100: 53 | B100: ROOKIE | C100: UG | D100: ISLAND A | E100: 3 FASE 10 A | F100: SCHNEIDER | G100: E20 | I100: ='LISTRIK 2026'!J100-'LISTRIK 2026'!I100 -> 1173 | J100: ='LISTRIK 2026'!K100-'LISTRIK 2026'!J100 -> 1036 | K100: ='LISTRIK 2026'!L100-'LISTRIK 2026'!K100 -> 1165 | L100: ='LISTRIK 2026'!M100-'LISTRIK 2026'!L100 -> 1058
A101: 54 | B101: SMIGGLE | C101: UG | D101: ISLAND A | E101: 3 FASE 10 A | F101: SCHNEIDER | G101: E20 | I101: ='LISTRIK 2026'!J101-'LISTRIK 2026'!I101 -> 590 | J101: ='LISTRIK 2026'!K101-'LISTRIK 2026'!J101 -> 533 | K101: ='LISTRIK 2026'!L101-'LISTRIK 2026'!K101 -> 598 | L101: ='LISTRIK 2026'!M101-'LISTRIK 2026'!L101 -> 542
A102: 55 | B102: VIVA COSMETIC | C102: UG | D102: ISLAND A | I102: ='LISTRIK 2026'!J102-'LISTRIK 2026'!I102 -> 198.1 | J102: ='LISTRIK 2026'!K102-'LISTRIK 2026'!J102 -> 187.4 | K102: ='LISTRIK 2026'!L102-'LISTRIK 2026'!K102 -> 208.8 | L102: ='LISTRIK 2026'!M102-'LISTRIK 2026'!L102 -> 185.1
A103: 56 | B103: SKECHERS -UG- | C103: UG | D103: 11 | E103: 3 FASE 16 A | F103: SOCOMEC | G103: E20 | I103: ='LISTRIK 2026'!J103-'LISTRIK 2026'!I103 -> 3406 | J103: ='LISTRIK 2026'!K103-'LISTRIK 2026'!J103 -> 3023 | K103: ='LISTRIK 2026'!L103-'LISTRIK 2026'!K103 -> 3456 | L103: ='LISTRIK 2026'!M103-'LISTRIK 2026'!L103 -> 3097
...
